sub_id, topic, title, url
8cx0da,ulve,Mener I at der skal være ulve i Dk? Hvorfor/hvorfor ikke?,https://www.reddit.com/r/Denmark/comments/8cx0da/mener_i_at_der_skal_v%C3%A6re_ulve_i_dk_hvorforhvorfor/
6nz7dy,ulve,EU-svar: Danmark må ikke skyde ulve,https://www.reddit.com/r/Denmark/comments/6nz7dy/eusvar_danmark_m%C3%A5_ikke_skyde_ulve/
8agt1s,ulve,Den vedholdende konspirationsteori: Har nogen udsat ulve i Nordjylland?,https://www.reddit.com/r/Denmark/comments/8agt1s/den_vedholdende_konspirationsteori_har_nogen/
6l17bx,ulve,Ulveunger fanget på vildtkamera: De første ulve er begyndt at yngle i Danmark,https://www.reddit.com/r/Denmark/comments/6l17bx/ulveunger_fanget_p%C3%A5_vildtkamera_de_f%C3%B8rste_ulve_er/
9awtj2,ulve,66-årig mand tiltalt for at skyde og dræbe en ulv,https://www.reddit.com/r/Denmark/comments/9awtj2/66%C3%A5rig_mand_tiltalt_for_at_skyde_og_dr%C3%A6be_en_ulv/
6v1ivh,peter-madsen,Peter Madsen: Kim Wall døde i en ulykke på ubåden,https://www.reddit.com/r/Denmark/comments/6v1ivh/peter_madsen_kim_wall_d%C3%B8de_i_en_ulykke_p%C3%A5_ub%C3%A5den/
6xtbca,peter-madsen,Ubåd-sagen - intet nyt om ... ?,https://www.reddit.com/r/Denmark/comments/6xtbca/ub%C3%A5dsagen_intet_nyt_om/
6ye06i,peter-madsen,To førende drabseksperter: Her er Peter Madsens forklaring hullet som en si,https://www.reddit.com/r/Denmark/comments/6ye06i/to_f%C3%B8rende_drabseksperter_her_er_peter_madsens/
9j2fb6,peter-madsen,Peter Madsen skal i fængsel på livstid,https://www.reddit.com/r/Denmark/comments/9j2fb6/peter_madsen_skal_i_f%C3%A6ngsel_p%C3%A5_livstid/
8kcksn,metoo,#metoo er tegn på en civilisation i opløsning,https://www.reddit.com/r/Denmark/comments/8kcksn/metoo_er_tegn_p%C3%A5_en_civilisation_i_opl%C3%B8sning/
76y6rb,metoo,Björks FB post om Lars Von Trier (#MeToo),https://www.reddit.com/r/Denmark/comments/76y6rb/bj%C3%B6rks_fb_post_om_lars_von_trier_metoo/
9swpw3,metoo,Paranoiaen efter MeToo truer retssikkerhed og almindelig fornuft,https://www.reddit.com/r/Denmark/comments/9swpw3/paranoiaen_efter_metoo_truer_retssikkerhed_og/
8zbdxy,metoo,Hjælp mig til at forstå debatkulturen,https://www.reddit.com/r/Denmark/comments/8zbdxy/hj%C3%A6lp_mig_til_at_forst%C3%A5_debatkulturen/
9zn5g3,kost,Stor undersøgelse: Vegetarisk og vegansk kost går ud over knoglerne,https://www.reddit.com/r/Denmark/comments/9zn5g3/stor_unders%C3%B8gelse_vegetarisk_og_vegansk_kost_g%C3%A5r/
a6o3us,kost,Mai Mercado om mad i daginstitutioner: Sund kost rimer ikke på veganer-mad,https://www.reddit.com/r/Denmark/comments/a6o3us/mai_mercado_om_mad_i_daginstitutioner_sund_kost/
a2fpjr,kost,Professor: Vegansk kost kan skade småbørns vækst,https://www.reddit.com/r/Denmark/comments/a2fpjr/professor_vegansk_kost_kan_skade_sm%C3%A5b%C3%B8rns_v%C3%A6kst/
amthm9,klima,Klima:Er bevidstheden om et problem nok?,https://www.reddit.com/r/Denmark/comments/amthm9/klimaer_bevidstheden_om_et_problem_nok/
3a6v3a,klima,Det mener partierne [om 10 spørgsmål vedrørende miljø og klima],https://www.reddit.com/r/Denmark/comments/3a6v3a/det_mener_partierne_om_10_sp%C3%B8rgsm%C3%A5l_vedr%C3%B8rende/
9zn9a2,klima,Klimarådet: Politikernes klima-kurs er urealistisk og uambitiøs,https://www.reddit.com/r/Denmark/comments/9zn9a2/klimar%C3%A5det_politikernes_klimakurs_er_urealistisk/
774w0s,klima,Regeringens muslingefarme kan være ny klima-bombe,https://www.reddit.com/r/Denmark/comments/774w0s/regeringens_muslingefarme_kan_v%C3%A6re_ny_klimabombe/
az1r7b,RiisagerMøntkast,Ministerium vil have udleveret videoer fra gymnasiebesøg,https://www.reddit.com/r/Denmark/comments/az1r7b/ministerium_vil_have_udleveret_videoer_fra/
aysx7z,RiisagerMøntkast,Rektor på Ørestad Gymnasium: Videoovervågning skal vise, om der blev kastet med mønter,https://www.reddit.com/r/Denmark/comments/aysx7z/rektor_p%C3%A5_%C3%B8restad_gymnasium_videooverv%C3%A5gning_skal/
aynxpz,RiisagerMøntkast,Minister afbrød gymnasiebesøg: Elever kastede med mønter,https://www.reddit.com/r/Denmark/comments/aynxpz/minister_afbr%C3%B8d_gymnasiebes%C3%B8g_elever_kastede_med/
aynyyx,RiisagerMøntkast,Riisager afbrød gymnasiebesøg: Elever kastede mønter og råbte ”luder”,https://www.reddit.com/r/Denmark/comments/aynyyx/riisager_afbr%C3%B8d_gymnasiebes%C3%B8g_elever_kastede/
ayvy5h,RiisagerMøntkast,Debatten raser: Blev der kastet med mønter eller ej?,https://www.reddit.com/r/Denmark/comments/ayvy5h/debatten_raser_blev_der_kastet_med_m%C3%B8nter_eller_ej/
5emjyw,trump,Hvorfor må DR skrive sådan noget åbenlyst falsk propaganda?,https://www.reddit.com/r/Denmark/comments/5emjyw/hvorfor_m%C3%A5_dr_skrive_s%C3%A5dan_noget_%C3%A5benlyst_falsk/
8k6lcb,trump,16-årig blev anholdt for at råbe 'fuck Trump' til lovlig demonstration mod Trump,https://www.reddit.com/r/Denmark/comments/8k6lcb/16%C3%A5rig_blev_anholdt_for_at_r%C3%A5be_fuck_trump_til/
axnshu,overvaagning,Gymnasieelever boykotter terminsprøve i protest mod overvågning,https://www.reddit.com/r/Denmark/comments/axnshu/gymnasieelever_boykotter_terminspr%C3%B8ve_i_protest/
ax70y5,5G,5G-teknologien er en miljøtrussel, som bør stoppes,https://www.reddit.com/r/Denmark/comments/ax70y5/5gteknologien_er_en_milj%C3%B8trussel_som_b%C3%B8r_stoppes/
b0g0qb,5G,Hvad er vi bange for, når vi frygter 5G? - POV,https://www.reddit.com/r/Denmark/comments/b0g0qb/hvad_er_vi_bange_for_n%C3%A5r_vi_frygter_5g_pov/
b23eat,5G,Forklar det som var jeg fem: Hvad handler alt dette anti 5g polymyk på facebook om?!,https://www.reddit.com/r/Denmark/comments/b23eat/forklar_det_som_var_jeg_fem_hvad_handler_alt/
b2xrgd,5G,Det er ikke alle som glæder sig til 5G,https://www.reddit.com/r/Denmark/comments/b2xrgd/det_er_ikke_alle_som_gl%C3%A6der_sig_til_5g/